n_components,pca_mse,explained_variance
2,0.0768751025232791,0.9217220775399013
3,0.029446412834092925,0.9701412659881317
4,0.008861780284347302,0.9910465905465741
5,1.0572148903196779e-31,1.0000000000000002
